web-scraper-order,web-scraper-start-url,articles_links,articles_links-href,marque,prix,adresse,image_lien-src
"1716726032-1","https://dakarvente.com/index.php?page=annonces_categorie&id=8&sort=&nb=4","Location d'une citroen c4","https://www.dakarvente.com/annonce-437-location-d-une-citroen-c4.html","Location d'une citroen c4","20.000  FCFA","Plateau","media/annonces/pics/a86bdb3107f5ddda48690f79dac478e3.jpg"
"1716726058-2","https://dakarvente.com/index.php?page=annonces_categorie&id=8&sort=&nb=4","Location de voitures et mini bus avec chauffeur","https://www.dakarvente.com/annonce-648-location-de-voitures-et-mini-bus-avec-chauffeur.html","Location de voitures et mini bus avec chauffeur","50.000  FCFA","Plateau","media/annonces/pics/baf6b26075945f9226489851936d8d65.jpg"
"1716726084-3","https://dakarvente.com/index.php?page=annonces_categorie&id=8&sort=&nb=4","Sen service location loue des voiture des marques","https://www.dakarvente.com/annonce-702-sen-service-location-loue-des-voiture-des-marques.html","Sen service location loue des voiture des marques","30.000  FCFA","Plateau","media/annonces/pics/15ea8355bee0950e2b7f50a9ad50b086.jpg"
"1716726110-4","https://dakarvente.com/index.php?page=annonces_categorie&id=8&sort=&nb=4","Toyota yaris sedan","https://www.dakarvente.com/annonce-1233-toyota-yaris-sedan.html","Toyota yaris sedan","20.000  FCFA","Plateau","media/annonces/pics/2edb1d489a6de9f9c188533b89c779ca.jpg"
"1716726136-5","https://dakarvente.com/index.php?page=annonces_categorie&id=8&sort=&nb=4","Nissan juke","https://www.dakarvente.com/annonce-1377-nissane-juke.html","Nissan juke","50.000  FCFA","Plateau","media/annonces/pics/efc3fa21f902e1e8691a6d23e14eb5d8.jpg"
"1716726162-6","https://dakarvente.com/index.php?page=annonces_categorie&id=8&sort=&nb=4","Location de voiture cobalt","https://www.dakarvente.com/annonce-1302-location-de-voiture-cobalt.html","Location de voiture cobalt","25.000  FCFA","Plateau","media/annonces/pics/b8beb78f2536162ef279fa99eb2c6e15.jpg"
"1716726188-7","https://dakarvente.com/index.php?page=annonces_categorie&id=8&sort=&nb=4","Toyota sequoia v8 a louer","https://www.dakarvente.com/annonce-2070-toyota-sequoia-v8-a-louer.html","Toyota sequoia v8 a louer","100.000  FCFA","Plateau","media/annonces/pics/516fe4d4d1e6c03dbbf60241d5bbeeaa.jpg"
"1716726214-8","https://dakarvente.com/index.php?page=annonces_categorie&id=8&sort=&nb=4","loue voiture toutes marque à partir de 25 000 cfa","https://www.dakarvente.com/annonce-2301-loue-voiture-toutes-marque-partir-de-25-000-cfa.html","loue voiture toutes marque à partir de 25 000 cfa","30.000  FCFA","Ouest Foire","media/annonces/pics/238760a28f9060a5d01fcf5ecd260e2a.png"
"1716726241-9","https://dakarvente.com/index.php?page=annonces_categorie&id=8&sort=&nb=4","Location  nissan juke","https://www.dakarvente.com/annonce-1378-location-nissan-juke.html","Location  nissan juke","50.000  FCFA","Plateau","img/nophoto.png"
"1716726268-10","https://dakarvente.com/index.php?page=annonces_categorie&id=8&sort=&nb=4","Bateau à louer","https://www.dakarvente.com/annonce-3079-bateau-louer.html","Bateau à louer","90.000  FCFA","Somone","media/annonces/pics/f3fe90a0ee4bb8c0e3232774052718cf.jpg"
"1716726297-11","https://dakarvente.com/index.php?page=annonces_categorie&id=8&sort=&nb=4","ORGANISEUR POUR VOITURE","https://www.dakarvente.com/annonce-3352-organiseur-pour-voiture.html","ORGANISEUR POUR VOITURE","8.500  FCFA","Dakar",""
"1716726323-12","https://dakarvente.com/index.php?page=annonces_categorie&id=8&sort=&nb=4","Location véhicules","https://www.dakarvente.com/annonce-4687-location-vhicules-louer.html","Location véhicules","25.000  FCFA","Amitié","media/annonces/pics/1ac9aec248070b20d0d0d3946f417174.jpeg"
"1716726350-13","https://dakarvente.com/index.php?page=annonces_categorie&id=8&sort=&nb=4","Chevrolet Equinoxe à louer","https://www.dakarvente.com/annonce-4756-darou-rakhmane-trading-location-de-chevrolet-quinoxe.html","Chevrolet Equinoxe à louer","","Nord Foire","media/annonces/pics/6bf0b7a2e5e0675b57a4494a621a14dc.jpg"
"1716726377-14","https://dakarvente.com/index.php?page=annonces_categorie&id=8&sort=&nb=4","Location de Ford focus","https://www.dakarvente.com/annonce-4757-darou-rakhmane-trading-location-de-ford-focus.html","Location de Ford focus","40.000  FCFA","Nord Foire","media/annonces/pics/f4610e2a44faba5ea20348be8ba5a2a1.jpg"
"1716726403-15","https://dakarvente.com/index.php?page=annonces_categorie&id=8&sort=&nb=4","DAROU RAKHMANE TRADING location de voiture","https://www.dakarvente.com/annonce-4877-darou-rakhmane-trading-location-de-voiture.html","DAROU RAKHMANE TRADING location de voiture","","Nord Foire","media/annonces/pics/7bbfd3970eafb46aaf154b7f021356e0.jpg"
"1716726430-16","https://dakarvente.com/index.php?page=annonces_categorie&id=8&sort=&nb=4","4 x 4 Renault Dacia Duster à louer","https://www.dakarvente.com/annonce-4939-4-x-4-renault-dacia-duster-a-louer.html","4 x 4 Renault Dacia Duster à louer","30.000  FCFA","Somone","media/annonces/pics/1aa7d676885c15f13d36da9cead952d6.jpg"
"1716726456-17","https://dakarvente.com/index.php?page=annonces_categorie&id=8&sort=&nb=4","Subaru legacy limited","https://www.dakarvente.com/annonce-5219-subaru-legacy-limited.html","Subaru legacy limited","35.000  FCFA","Liberté 6","media/annonces/pics/cf3f36c6a79591ac9ec54acc4187548c.jpg"
"1716726483-18","https://dakarvente.com/index.php?page=annonces_categorie&id=8&sort=&nb=4","location de voitures","https://www.dakarvente.com/annonce-5312-location-de-voiture.html","location de voitures","","Point E","media/annonces/pics/d09b712935a513fca5eac54716e8dda3.jpg"
"1716726510-19","https://dakarvente.com/index.php?page=annonces_categorie&id=8&sort=&nb=4","VENTE DE VOITURES","https://www.dakarvente.com/annonce-5313-vente-de-voitures.html","VENTE DE VOITURES","","Point E","media/annonces/pics/0202bca751d63fde1fab79a4ce8c77a1.jpg"
"1716726537-20","https://dakarvente.com/index.php?page=annonces_categorie&id=8&sort=&nb=4","Location de voitures toutes marques","https://www.dakarvente.com/annonce-5637-l-occasion-de-voiture-tout-marque.html","Location de voitures toutes marques","","Grand Dakar","media/annonces/pics/69231b06b7cd2f4addd38131c6a9cc70.jpg"
"1716726564-21","https://dakarvente.com/index.php?page=annonces_categorie&id=8&sort=&nb=4","location de voiture","https://www.dakarvente.com/annonce-5671-location-de-voiture.html","location de voiture","","Point E","media/annonces/pics/03873d968751937dd0b6f20804410f2b.jpg"
"1716726590-22","https://dakarvente.com/index.php?page=annonces_categorie&id=8&sort=&nb=4","LOCATION VOITURE  DIESEL LUXUEUSE ET CLIMATISÉE","https://www.dakarvente.com/annonce-5907-location-voiture-diesel-luxueuse-et-climatise.html","LOCATION VOITURE  DIESEL LUXUEUSE ET CLIMATISÉE","35.000  FCFA","Dakar","media/annonces/pics/624efc0ffb019e8d814d8accfea490f3.jpeg"
"1716726616-23","https://dakarvente.com/index.php?page=annonces_categorie&id=8&sort=&nb=4","A louer Chevrolet Cruze","https://www.dakarvente.com/annonce-7020-a-louer-chevrolet-cruze.html","A louer Chevrolet Cruze","25.000  FCFA","Dakar","media/annonces/pics/f848b9b8bfc337fc7090feda97f62ee4.jpg"
"1716726643-24","https://dakarvente.com/index.php?page=annonces_categorie&id=8&sort=&nb=4","Location Toyota Corolla 2006","https://www.dakarvente.com/annonce-8161-location-toyota-corolla-2006.html","Location Toyota Corolla 2006","1  FCFA","Point E","media/annonces/pics/a4e7295ada250b98cdb000398584f8b2.jpg"
"1716726670-25","https://dakarvente.com/index.php?page=annonces_categorie&id=8&sort=&nb=4","LOCATION DE VEHICULES","https://www.dakarvente.com/annonce-8296-location-de-vehicules.html","LOCATION DE VEHICULES","25.000  FCFA","Golf","media/annonces/pics/dede07f7ab1d4decc1e6e1acaa871756.jpg"
"1716726697-26","https://dakarvente.com/index.php?page=annonces_categorie&id=8&sort=&nb=4","Location de voitures automatiques","https://www.dakarvente.com/annonce-8866-location-de-voitures-automatiques.html","Location de voitures automatiques","30.000  FCFA","Biscuiterie","media/annonces/pics/f7d21cc5ceb54f61c680badb73ca04ae.jpeg"
"1716726723-27","https://dakarvente.com/index.php?page=annonces_categorie&id=8&sort=&nb=4","Location Citroën C4 avec chauffeur","https://www.dakarvente.com/annonce-9244-location-c4-avec-chauffeur.html","Location Citroën C4 avec chauffeur","20.000  FCFA","Dakar","media/annonces/pics/a430065eb9cf3878a076f9077aab5961.jpeg"
"1716726750-28","https://dakarvente.com/index.php?page=annonces_categorie&id=8&sort=&nb=4","Location de voiture","https://www.dakarvente.com/annonce-9337-location-de-voiture.html","Location de voiture","1  FCFA","Point E","media/annonces/pics/2693d95e11ea50b877350d5ab60f3554.jpg"
"1716726777-29","https://dakarvente.com/index.php?page=annonces_categorie&id=8&sort=&nb=4","Location PICK UP L200","https://www.dakarvente.com/annonce-9392-location-pick-up-l200.html","Location PICK UP L200","30.000  FCFA","Dakar","media/annonces/pics/26d6be439683910460a1ec6b9f5f7754.jpeg"
"1716726804-30","https://dakarvente.com/index.php?page=annonces_categorie&id=8&sort=&nb=4","Location Ford Focus","https://www.dakarvente.com/annonce-9494-location-ford-focus.html","Location Ford Focus","25.000  FCFA","Parcelles assainies","media/annonces/pics/61533a74ed5a2effc06178f2775ba02c.jpeg"
"1716726831-31","https://dakarvente.com/index.php?page=annonces_categorie&id=8&sort=&nb=4","Ford Transit utilitaire Van R.A.S","https://www.dakarvente.com/annonce-9536-ford-transit-utilitaire-van-ras.html","Ford Transit utilitaire Van R.A.S","3.800.000  FCFA","Dakar","media/annonces/pics/d33e0b3987ac187de7c886c977bf3a4b.jpg"
"1716726858-32","https://dakarvente.com/index.php?page=annonces_categorie&id=8&sort=&nb=4","Location voiture","https://www.dakarvente.com/annonce-9628-location-voiture.html","Location voiture","1  FCFA","Point E","media/annonces/pics/861fa614aaf58719664d5a9420320a77.jpg"
"1716726885-33","https://dakarvente.com/index.php?page=annonces_categorie&id=8&sort=&nb=4","location d'une camionnette","https://www.dakarvente.com/annonce-9670-location-d-une-camionnette.html","location d'une camionnette","60.000  FCFA","Dakar","media/annonces/pics/54b809bc3e85765d11d714b5b5fc7285.jpg"
"1716726912-34","https://dakarvente.com/index.php?page=annonces_categorie&id=8&sort=&nb=4","Location Toyota Hiace High Roof","https://www.dakarvente.com/annonce-9722-location-toyota-hiace-high-roof.html","Location Toyota Hiace High Roof","50.000  FCFA","Dakar","media/annonces/pics/af555cf9e6a04114da6bf191de2f5833.jpeg"
"1716726938-35","https://dakarvente.com/index.php?page=annonces_categorie&id=8&sort=&nb=4","Location de voiture","https://www.dakarvente.com/annonce-10567-location-de-voiture.html","Location de voiture","","Dakar","media/annonces/pics/3ee330d5f03181485a3cea5833e69242.jpg"
"1716726966-36","https://dakarvente.com/index.php?page=annonces_categorie&id=8&sort=&nb=4","Chambre meublée à louer","https://www.dakarvente.com/annonce-10575-chambre-meuble-louer.html","Chambre meublée à louer","30.000  FCFA","Liberté 6","media/annonces/pics/dadf6b0582d4ace089af9ac77be24898.jpg"
"1716726992-37","https://dakarvente.com/index.php?page=annonces_categorie&id=8&sort=&nb=4","Voiture à louer","https://www.dakarvente.com/annonce-10576-voiture-louer.html","Voiture à louer","30.000  FCFA","Liberté 6","media/annonces/pics/f84a5221d261259bdf59704e04607946.jpg"
"1716727019-38","https://dakarvente.com/index.php?page=annonces_categorie&id=8&sort=&nb=4","Location auto Toyota pickup 4X4","https://www.dakarvente.com/annonce-10844-location-auto-toyota-pickup-4x4.html","Location auto Toyota pickup 4X4","35.000  FCFA","Nord Foire","media/annonces/pics/3ba8b6a532d1b6506d19f814f1eb1d84.jpg"
"1716727046-39","https://dakarvente.com/index.php?page=annonces_categorie&id=8&sort=&nb=4","Voiture à louer","https://www.dakarvente.com/annonce-10857-voiture-louer.html","Voiture à louer","35.000  FCFA","Liberté 6","media/annonces/pics/a6abc8b02f1e27068ee118ae1e98bc6d.jpg"
"1716727100-40","https://dakarvente.com/index.php?page=annonces_categorie&id=8&sort=&nb=3","Location véhicule + chauffeur","https://www.dakarvente.com/annonce-10977-location-vhicule-chauffeur.html","Location véhicule + chauffeur","30.000  FCFA","Castors","media/annonces/pics/c85b445746abba358fa397ad3bbdde95.jpg"
"1716727126-41","https://dakarvente.com/index.php?page=annonces_categorie&id=8&sort=&nb=3","Location véhicule + chauffeur","https://www.dakarvente.com/annonce-10997-location-vhicule-chauffeur.html","Location véhicule + chauffeur","30.000  FCFA","Castors","media/annonces/pics/50b558537b42d2d0b28e38ae40269c34.jpg"
"1716727153-42","https://dakarvente.com/index.php?page=annonces_categorie&id=8&sort=&nb=3","Location minibus Toyota Hiace 14 places","https://www.dakarvente.com/annonce-11119-location-minibus-toyota-hiace-14-places.html","Location minibus Toyota Hiace 14 places","50.000  FCFA","Yoff","media/annonces/pics/e11e48509ffbfa57c5937e548e646004.jpg"
"1716727180-43","https://dakarvente.com/index.php?page=annonces_categorie&id=8&sort=&nb=3","location de voitures","https://www.dakarvente.com/annonce-11781-location-de-voitures.html","location de voitures","1  FCFA","Point E","media/annonces/pics/16f99acb79687cd246852ada73ba4923.jpg"
"1716727206-44","https://dakarvente.com/index.php?page=annonces_categorie&id=8&sort=&nb=3","Location de voiture avec chauffeur","https://www.dakarvente.com/annonce-11866-location-de-voiture-avec-chauffeur.html","Location de voiture avec chauffeur","20.000  FCFA","Almadies","media/annonces/pics/7fa5d02acf9352fdc3340a2cc5478fb2.jpg"
"1716727234-45","https://dakarvente.com/index.php?page=annonces_categorie&id=8&sort=&nb=3","Location & vente de voiture","https://www.dakarvente.com/annonce-11923-location-vente-de-voiture.html","Location & vente de voiture","1  FCFA","Point E","media/annonces/pics/ab9bad02ee17f90c58479e4407eef6fc.jpg"
"1716727261-46","https://dakarvente.com/index.php?page=annonces_categorie&id=8&sort=&nb=3","Ventes et locations de véhicules","https://www.dakarvente.com/annonce-12274-ventes-et-locations-de-vhicules.html","Ventes et locations de véhicules","350.000  FCFA","Rufisque","media/annonces/pics/8834dcd95bb8e252ab1bbb11a0cd3287.jpeg"
"1716727288-47","https://dakarvente.com/index.php?page=annonces_categorie&id=8&sort=&nb=3","Location de voitures","https://www.dakarvente.com/annonce-12327-location-de-voitures.html","Location de voitures","22.500  FCFA","Grand Yoff","media/annonces/pics/533ccdaaadb7b2f437c0453d4d136d90.jpeg"
"1716727316-48","https://dakarvente.com/index.php?page=annonces_categorie&id=8&sort=&nb=3","Location et vente de voiture","https://www.dakarvente.com/annonce-12439-location-et-vente-de-voiture.html","Location et vente de voiture","1  FCFA","Point E","media/annonces/pics/b40fa52e9a95b4b426399b8e9f4bd278.jpg"
"1716727346-49","https://dakarvente.com/index.php?page=annonces_categorie&id=8&sort=&nb=3","Location de voiture","https://www.dakarvente.com/annonce-12500-location-de-voiture.html","Location de voiture","35.000  FCFA","Nord Foire","media/annonces/pics/c38aa787916e6cf5023248a00faac531.jpeg"
"1716727373-50","https://dakarvente.com/index.php?page=annonces_categorie&id=8&sort=&nb=3","Location Mercedes ML350 CDI 4Matic","https://www.dakarvente.com/annonce-12777-location-mercedes-ml350-cdi-4matic.html","Location Mercedes ML350 CDI 4Matic","45.000  FCFA","Almadies","media/annonces/pics/5ce0c6d899e87faf24ff7fe4ac0b329f.jpg"
"1716727400-51","https://dakarvente.com/index.php?page=annonces_categorie&id=8&sort=&nb=3","Location/vente de voiture","https://www.dakarvente.com/annonce-12892-location-vente-de-voiture.html","Location/vente de voiture","1  FCFA","Point E","media/annonces/pics/afc2f5f630d7aa7adb7824ace4603726.jpg"
"1716727428-52","https://dakarvente.com/index.php?page=annonces_categorie&id=8&sort=&nb=3","Location/vente de voiture","https://www.dakarvente.com/annonce-12989-location-vente-de-voiture.html","Location/vente de voiture","1  FCFA","Point E","media/annonces/pics/816710e747108aa81c42cffc1b8161ef.jpg"
"1716727455-53","https://dakarvente.com/index.php?page=annonces_categorie&id=8&sort=&nb=3","Location Ford Fusion SE Toutes options","https://www.dakarvente.com/annonce-13090-location-ford-fusion-se-toutes-options.html","Location Ford Fusion SE Toutes options","22.500  FCFA","Almadies","media/annonces/pics/46c2dc45a0a2fadcdecc3b5a2a133690.jpg"
"1716727481-54","https://dakarvente.com/index.php?page=annonces_categorie&id=8&sort=&nb=3","Location et vente de voiture","https://www.dakarvente.com/annonce-13160-location-et-vente-de-voiture.html","Location et vente de voiture","1  FCFA","Point E","media/annonces/pics/7dac82bf86429a41dce3e23e4d16b317.jpg"
"1716727508-55","https://dakarvente.com/index.php?page=annonces_categorie&id=8&sort=&nb=3","Location de voitures","https://www.dakarvente.com/annonce-13249-location-de-voitures.html","Location de voitures","22.500  FCFA","Liberté 6","media/annonces/pics/a4ef696261bc27f1f04da93a4ce58a04.jpeg"
"1716727535-56","https://dakarvente.com/index.php?page=annonces_categorie&id=8&sort=&nb=3","Location et vente de voiture","https://www.dakarvente.com/annonce-13250-location-et-vente-de-voiture.html","Location et vente de voiture","1  FCFA","Point E","media/annonces/pics/9adccb424c8f69811c4487dd6631a09c.jpg"
"1716727562-57","https://dakarvente.com/index.php?page=annonces_categorie&id=8&sort=&nb=3","Location et vente de voiture","https://www.dakarvente.com/annonce-13776-location-et-vente-de-voiture.html","Location et vente de voiture","1  FCFA","Point E","media/annonces/pics/6721dc3594bb10bfba8474d4c58a04af.jpg"
"1716727589-58","https://dakarvente.com/index.php?page=annonces_categorie&id=8&sort=&nb=3","Location et Vente de voitures","https://www.dakarvente.com/annonce-13825-location-et-vente-de-voitures.html","Location et Vente de voitures","1  FCFA","Point E","media/annonces/pics/c3f2fd7d2368fc120ffa8419c671338d.jpg"
"1716727617-59","https://dakarvente.com/index.php?page=annonces_categorie&id=8&sort=&nb=3","Location peugeot 508 avec chauffeur","https://www.dakarvente.com/annonce-13846-location-peugeot-508-avec-chauffeur.html","Location peugeot 508 avec chauffeur","25  FCFA","Keur Massar","media/annonces/pics/b121b3382f2fe451c70433af9b5bf4e6.jpg"
"1716727644-60","https://dakarvente.com/index.php?page=annonces_categorie&id=8&sort=&nb=3","Location de voiture avec ou sans chauffeur","https://www.dakarvente.com/annonce-14292-location-de-voiture-avec-ou-sans-chauffeur.html","Location de voiture avec ou sans chauffeur","20.000  FCFA","Thiès","media/annonces/pics/92dccb1e6b24e28c7905f5d0f5a95ed0.jpg"
"1716727671-61","https://dakarvente.com/index.php?page=annonces_categorie&id=8&sort=&nb=3","Location voiture Ford Escape 2011","https://www.dakarvente.com/annonce-14556-location-voiture-ford-escape-2011.html","Location voiture Ford Escape 2011","40.000  FCFA","Ouakam","media/annonces/pics/ef0ec254b16b01753ea4422825cf52db.jpeg"
"1716727699-62","https://dakarvente.com/index.php?page=annonces_categorie&id=8&sort=&nb=3","AUTO-ECOLE","https://www.dakarvente.com/annonce-14729-auto-ecole.html","AUTO-ECOLE","1  FCFA","Point E","media/annonces/pics/b86b2ab5a68c0c8f384ffec283ec4c14.jpeg"
"1716727727-63","https://dakarvente.com/index.php?page=annonces_categorie&id=8&sort=&nb=3","Auto-école","https://www.dakarvente.com/annonce-14783-auto-cole.html","Auto-école","1  FCFA","Point E","media/annonces/pics/7ee6366d1c989cfabb720c081ddc4458.jpeg"
"1716727754-64","https://dakarvente.com/index.php?page=annonces_categorie&id=8&sort=&nb=3","Auto-école","https://www.dakarvente.com/annonce-14835-auto-cole.html","Auto-école","1  FCFA","Point E","media/annonces/pics/fe0d66dcbf20e539b5e92cf90f18acf4.jpeg"
"1716727781-65","https://dakarvente.com/index.php?page=annonces_categorie&id=8&sort=&nb=3","Hyundai Santa Fe 2015 7 Places","https://www.dakarvente.com/annonce-15092-hyundai-santa-fe-2015-7-places.html","Hyundai Santa Fe 2015 7 Places","50.000  FCFA","Plateau","media/annonces/pics/e22fefe188b69571b09e746a44f2cfb8.jpeg"
"1716727808-66","https://dakarvente.com/index.php?page=annonces_categorie&id=8&sort=&nb=3","Kia Sorento à louer","https://www.dakarvente.com/annonce-16693-kia-sorento-louer.html","Kia Sorento à louer","35.000  FCFA","Sicap liberté","media/annonces/pics/5fe2c39df0696bf785bca141064e934e.jpeg"
"1716727835-67","https://dakarvente.com/index.php?page=annonces_categorie&id=8&sort=&nb=3","Location de véhicule","https://www.dakarvente.com/annonce-16867-location-de-vhicule.html","Location de véhicule","40.000  FCFA","Dakar","media/annonces/pics/bca0d8e1a27852ee316fa7ec2e0a419b.jpg"
"1716727862-68","https://dakarvente.com/index.php?page=annonces_categorie&id=8&sort=&nb=3","Location de voiture","https://www.dakarvente.com/annonce-18318-location-de-voiture.html","Location de voiture","15.000  FCFA","Saly","media/annonces/pics/59d2477813b328cea3dbb7180a43673b.jpg"
"1716727891-69","https://dakarvente.com/index.php?page=annonces_categorie&id=8&sort=&nb=3","Location de véhicule","https://www.dakarvente.com/annonce-19134-location-de-vhicule.html","Location de véhicule","15.000  FCFA","Ouakam","img/nophoto.png"
"1716727918-70","https://dakarvente.com/index.php?page=annonces_categorie&id=8&sort=&nb=3","Location Peugeot Partenaire","https://www.dakarvente.com/annonce-19144-location-peugeot-partenaire.html","Location Peugeot Partenaire","25.000  FCFA","Almadies","media/annonces/pics/dc77f6009bad26e44286410abce2d895.jpg"
"1716727946-71","https://dakarvente.com/index.php?page=annonces_categorie&id=8&sort=&nb=3","Location Pick up Mitsubishi","https://www.dakarvente.com/annonce-19234-location-pick-up-mitsubishi.html","Location Pick up Mitsubishi","40.000  FCFA","Bene Tally","media/annonces/pics/177bf79baf4909e27f445af1a4865a2c.jpg"
"1716727973-72","https://dakarvente.com/index.php?page=annonces_categorie&id=8&sort=&nb=3","Location Ford focus","https://www.dakarvente.com/annonce-19395-location-ford-focus.html","Location Ford focus","30.000  FCFA","Dakar","media/annonces/pics/c493dd93c7f53a76e2a3e56bad829219.jpg"
"1716728021-73","https://dakarvente.com/index.php?page=annonces_categorie&id=8&sort=&nb=3","LOCATION HYUNDAI ELANTRA","https://www.dakarvente.com/annonce-19396-location-hyundai-elantra.html","LOCATION HYUNDAI ELANTRA","30.000  FCFA","Point E","media/annonces/pics/50d2bee78f4c77d36a04517dc80219cc.jpg"
"1716728061-74","https://dakarvente.com/index.php?page=annonces_categorie&id=8&sort=&nb=3","LOCATION RANGE ROVER","https://www.dakarvente.com/annonce-19397-location-range-rover.html","LOCATION RANGE ROVER","200.000  FCFA","Dakar","media/annonces/pics/d2f68c5ce9ff77083e93f3ee4f43166d.jpg"
"1716728088-75","https://dakarvente.com/index.php?page=annonces_categorie&id=8&sort=&nb=3","Location et vente","https://www.dakarvente.com/annonce-19701-location-et-vente.html","Location et vente","35.000  FCFA","Médina","media/annonces/pics/5b49ce37788e1c7d8bafeee8ceeffd6d.jpeg"
"1716728115-76","https://dakarvente.com/index.php?page=annonces_categorie&id=8&sort=&nb=3","Location et vente","https://www.dakarvente.com/annonce-19702-location-et-vente.html","Location et vente","45.000  FCFA","Médina","media/annonces/pics/b0f6945834cc5405b02c5d173d443646.jpeg"
"1716728142-77","https://dakarvente.com/index.php?page=annonces_categorie&id=8&sort=&nb=3","BiTi - Réservation de transport de l'AIBD","https://www.dakarvente.com/annonce-19896-biti-rservation-de-transport-de-l-aibd.html","BiTi - Réservation de transport de l'AIBD","23.000  FCFA","Dakar","media/annonces/pics/7e8d3530574797fac2cfb6c334a1524c.jpeg"
"1716728169-78","https://dakarvente.com/index.php?page=annonces_categorie&id=8&sort=&nb=3","Location de voiture","https://www.dakarvente.com/annonce-19897-location-de-voiture.html","Location de voiture","35.000  FCFA","Grand Yoff","media/annonces/pics/4dd3ab855d92c4ca9b0ec3b38a8c13f1.jpeg"
"1716728196-79","https://dakarvente.com/index.php?page=annonces_categorie&id=8&sort=&nb=3","Véhicule à louer","https://www.dakarvente.com/annonce-20208-vhicule-louer.html","Véhicule à louer","15.000  FCFA","Ouakam","media/annonces/pics/d0fc0498bf0601c18995806c838ce947.jpg"
"1716728223-80","https://dakarvente.com/index.php?page=annonces_categorie&id=8&sort=&nb=3","Kia Picanto à louer avec chauffeur","https://www.dakarvente.com/annonce-20803-kia-picanto-louer-avec-chauffeur.html","Kia Picanto à louer avec chauffeur","25.000  FCFA","HLM","media/annonces/pics/34df488dea6548bd76f1025f25b03809.jpg"
"1716728250-81","https://dakarvente.com/index.php?page=annonces_categorie&id=8&sort=&nb=3","Location PEUGEOT PARTENAIRE","https://www.dakarvente.com/annonce-21044-location-peugeot-partenaire.html","Location PEUGEOT PARTENAIRE","25.000  FCFA","Ouakam","media/annonces/pics/1a438c0ac81b0d1436d411691160cc7c.jpg"
"1716728304-82","https://dakarvente.com/index.php?page=annonces_categorie&id=8&sort=&nb=2","location Mitsubishi L200 climatisée","https://www.dakarvente.com/annonce-21343-location-mitsubishi-l200-climatise.html","location Mitsubishi L200 climatisée","","HLM","media/annonces/pics/85c732b62ecaab6e55ca7689eb05e148.jpeg"
"1716728331-83","https://dakarvente.com/index.php?page=annonces_categorie&id=8&sort=&nb=2","Location de voiture","https://www.dakarvente.com/annonce-21658-location-de-voiture.html","Location de voiture","100  FCFA","Cité Keur Gorgui","media/annonces/pics/64e82509f242471e25bf59d8958434e0.jpeg"
"1716728358-84","https://dakarvente.com/index.php?page=annonces_categorie&id=8&sort=&nb=2","Océan Afrique","https://www.dakarvente.com/annonce-23101-ocan-afrique.html","Océan Afrique","","Ouest Foire","media/annonces/pics/8ce41b47ac18801afdeace732593f2e9.png"
"1716728384-85","https://dakarvente.com/index.php?page=annonces_categorie&id=8&sort=&nb=2","Location de Bus","https://www.dakarvente.com/annonce-23112-location-de-bus.html","Location de Bus","10.000  FCFA","Keur Massar","media/annonces/pics/d1197b639b8a909f74b9da989612f75e.jpeg"
"1716728411-86","https://dakarvente.com/index.php?page=annonces_categorie&id=8&sort=&nb=2","Location de véhicules","https://www.dakarvente.com/annonce-23594-location-de-vhicules.html","Location de véhicules","15.000  FCFA","Ouakam","img/nophoto.png"
"1716728437-87","https://dakarvente.com/index.php?page=annonces_categorie&id=8&sort=&nb=2","Location de voiture","https://www.dakarvente.com/annonce-25263-location-de-voiture.html","Location de voiture","15.000  FCFA","Ouakam","media/annonces/pics/4230267e1bcbb509e8085137f23e8e80.jpg"
"1716728464-88","https://dakarvente.com/index.php?page=annonces_categorie&id=8&sort=&nb=2","Location Ford Explorer","https://www.dakarvente.com/annonce-25386-location-ford-explorer.html","Location Ford Explorer","40.000  FCFA","Sacré Coeur","media/annonces/pics/3edfcb07ebc7c26bce384f8c32e14cad.jpg"
"1716728491-89","https://dakarvente.com/index.php?page=annonces_categorie&id=8&sort=&nb=2","Location de voitures de luxe","https://www.dakarvente.com/annonce-26186-location-de-voitures-de-luxe.html","Location de voitures de luxe","100.000  FCFA","Almadies","media/annonces/pics/cc7954aa16b959cab704738daa880724.jpeg"
"1716728518-90","https://dakarvente.com/index.php?page=annonces_categorie&id=8&sort=&nb=2","Location Kia Sportage","https://www.dakarvente.com/annonce-26727-location-kia-sportage.html","Location Kia Sportage","30.000  FCFA","Guédiawaye","media/annonces/pics/0396cdf51d37ef2a9a309ed317fbd64f.jpg"
"1716728545-91","https://dakarvente.com/index.php?page=annonces_categorie&id=8&sort=&nb=2","Location de voiture","https://www.dakarvente.com/annonce-26795-location-de-voiture.html","Location de voiture","25.000  FCFA","Dakar","media/annonces/pics/c646f3b2139194299fede673c1faea66.jpeg"
"1716728573-92","https://dakarvente.com/index.php?page=annonces_categorie&id=8&sort=&nb=2","Location de vehicule","https://www.dakarvente.com/annonce-26926-location-de-vehicule.html","Location de vehicule","25.000  FCFA","Ouakam","media/annonces/pics/3b3d32ac9318128d76b7e4381d3c204d.jpg"
"1716728602-93","https://dakarvente.com/index.php?page=annonces_categorie&id=8&sort=&nb=2","Location de voiture","https://www.dakarvente.com/annonce-27952-location-de-voiture.html","Location de voiture","30.000  FCFA","Dakar","media/annonces/pics/6c440366a20728ef0143802191ddb998.png"
"1716728629-94","https://dakarvente.com/index.php?page=annonces_categorie&id=8&sort=&nb=2","Location de Voitures","https://www.dakarvente.com/annonce-28446-location-de-voitures.html","Location de Voitures","35.000  FCFA","Ouakam","media/annonces/pics/b956cb97696ec9ce742b376e14c47317.jpeg"
"1716728656-95","https://dakarvente.com/index.php?page=annonces_categorie&id=8&sort=&nb=2","Location de véhicule","https://www.dakarvente.com/annonce-28677-location-de-vhicule.html","Location de véhicule","30.000  FCFA","Médina","media/annonces/pics/77e9e5651e254b17a107b0156173523c.jpg"
"1716728683-96","https://dakarvente.com/index.php?page=annonces_categorie&id=8&sort=&nb=2","LOCATION DE VOITURES","https://www.dakarvente.com/annonce-28966-location-de-voitures.html","LOCATION DE VOITURES","25.000  FCFA","VDN","media/annonces/pics/445b71f3f9920c73296ab494385af9eb.jpeg"
"1716728710-97","https://dakarvente.com/index.php?page=annonces_categorie&id=8&sort=&nb=2","Location véhicule pick up","https://www.dakarvente.com/annonce-29156-location-vhicule-pick-up.html","Location véhicule pick up","40.000  FCFA","Gueule tapée","media/annonces/pics/ab09f394513bb158ef4709676028a99e.jpeg"
"1716728743-98","https://dakarvente.com/index.php?page=annonces_categorie&id=8&sort=&nb=2","Location de voiture Renault megane scenic","https://www.dakarvente.com/annonce-29861-location-de-voiture-renault-megane-scenic.html","Location de voiture Renault megane scenic","12.000  FCFA","Dakar",""
"1716728770-99","https://dakarvente.com/index.php?page=annonces_categorie&id=8&sort=&nb=2","Location kia sorento 7 places climatisé","https://www.dakarvente.com/annonce-30686-location-kia-sorento-7-places-climatis.html","Location kia sorento 7 places climatisé","","Dakar","media/annonces/pics/22e66423cca478a52944a820ba9b1396.jpg"
"1716728797-100","https://dakarvente.com/index.php?page=annonces_categorie&id=8&sort=&nb=2","LOCATION DE VOITURES DE LUXE","https://www.dakarvente.com/annonce-30727-location-de-voitures-de-luxe.html","LOCATION DE VOITURES DE LUXE","","Dakar","media/annonces/pics/6d1dff282252432cc8deb621271a533e.jpg"
"1716728824-101","https://dakarvente.com/index.php?page=annonces_categorie&id=8&sort=&nb=2","Location MERCEDES GLE","https://www.dakarvente.com/annonce-30734-location-mercedes-gle.html","Location MERCEDES GLE","","Dakar","media/annonces/pics/8ab32bbe5304be19d4e4175c274d245a.jpg"
"1716728851-102","https://dakarvente.com/index.php?page=annonces_categorie&id=8&sort=&nb=2","Location Ford Fusion","https://www.dakarvente.com/annonce-30739-location-ford-fusion.html","Location Ford Fusion","","Dakar","media/annonces/pics/a131b43f583250ff028f8883a2fdc459.jpg"
"1716728878-103","https://dakarvente.com/index.php?page=annonces_categorie&id=8&sort=&nb=2","RANGE ROVER SPORT KIT SVR","https://www.dakarvente.com/annonce-30777-range-rover-sport-kit-svr.html","RANGE ROVER SPORT KIT SVR","","Dakar","media/annonces/pics/f60c368c0c86a3a3e7b1d247e78cf57c.jpg"
"1716728905-104","https://dakarvente.com/index.php?page=annonces_categorie&id=8&sort=&nb=2","Location Toyota Illux manuel","https://www.dakarvente.com/annonce-30781-location-toyota-illux-manuel.html","Location Toyota Illux manuel","","Dakar","media/annonces/pics/e01034a3a3522f6a00487cb4ac49b2ed.jpg"
"1716728932-105","https://dakarvente.com/index.php?page=annonces_categorie&id=8&sort=&nb=2","Location Dacia Duster 2014","https://www.dakarvente.com/annonce-30902-location-dacia-duster-2014.html","Location Dacia Duster 2014","30.000  FCFA","Keur Massar","media/annonces/pics/b50e0ee00c96989297e7d1fa56fab203.jpeg"
"1716728959-106","https://dakarvente.com/index.php?page=annonces_categorie&id=8&sort=&nb=2","Location Kia optima 2014","https://www.dakarvente.com/annonce-31247-location-kia-optima-2014.html","Location Kia optima 2014","30.000  FCFA","Sacré Coeur","media/annonces/pics/1784943062fb283cbe21d0c8997f99fb.jpeg"
"1716728986-107","https://dakarvente.com/index.php?page=annonces_categorie&id=8&sort=&nb=2","Location voiture au mois","https://www.dakarvente.com/annonce-31337-location-voiture-au-mois.html","Location voiture au mois","175.000  FCFA","Mamelles","media/annonces/pics/871c8bdb6c115a65c1d620c8722e3abf.jpeg"
"1716729013-108","https://dakarvente.com/index.php?page=annonces_categorie&id=8&sort=&nb=2","Location voiture au mois","https://www.dakarvente.com/annonce-31510-location-voiture-au-mois.html","Location voiture au mois","150.000  FCFA","Mamelles","media/annonces/pics/50379bcb41f6f6ef5bcc46ea85f925ac.jpeg"
"1716729040-109","https://dakarvente.com/index.php?page=annonces_categorie&id=8&sort=&nb=2","Location Hyundai Elantra","https://www.dakarvente.com/annonce-31712-location-hyundai-elantra.html","Location Hyundai Elantra","35.000  FCFA","Derklé","media/annonces/pics/b4cd69a8997758982fc7e7894c87a6ca.jpeg"
"1716729067-110","https://dakarvente.com/index.php?page=annonces_categorie&id=8&sort=&nb=2","Location de véhicules","https://www.dakarvente.com/annonce-31833-location-de-vhicules.html","Location de véhicules","40.000  FCFA","Cité Keur Gorgui","media/annonces/pics/9ec4fb316f155696975d6d0e72cca3d4.jpg"
"1716729094-111","https://dakarvente.com/index.php?page=annonces_categorie&id=8&sort=&nb=2","Location ford Escape","https://www.dakarvente.com/annonce-31878-location-ford-escape.html","Location ford Escape","35.000  FCFA","Cité Keur Gorgui","media/annonces/pics/b74a17e81c10239f4e107442212ba59e.jpg"
"1716729121-112","https://dakarvente.com/index.php?page=annonces_categorie&id=8&sort=&nb=2","Location de voiture","https://www.dakarvente.com/annonce-32027-location-de-voiture.html","Location de voiture","50.000  FCFA","Mbao","media/annonces/pics/c21b5223171d74292ad353b88909885d.jpeg"
"1716729154-113","https://dakarvente.com/index.php?page=annonces_categorie&id=8&sort=&nb=2","Pelle Poclain","https://www.dakarvente.com/annonce-32431-pelle-poclain.html","Pelle Poclain","275.000  FCFA","Diamniadio","media/annonces/pics/8cf6adeb807231f2037ac1c62eb38d99.jpeg"
"1716729181-114","https://dakarvente.com/index.php?page=annonces_categorie&id=8&sort=&nb=2","Location de véhicule","https://www.dakarvente.com/annonce-32912-location-de-vhicule.html","Location de véhicule","","Ouest Foire","media/annonces/pics/f79c84ef567fbceba97c90aca75d9add.jpg"
"1716729209-115","https://dakarvente.com/index.php?page=annonces_categorie&id=8&sort=&nb=2","Transport de Voyagistes","https://www.dakarvente.com/annonce-33275-transport-de-voyagistes.html","Transport de Voyagistes","22.000  FCFA","Maristes","media/annonces/pics/f860d4947a14598701b863b1f3b05e91.jpg"
"1716729236-116","https://dakarvente.com/index.php?page=annonces_categorie&id=8&sort=&nb=2","Compacteur","https://www.dakarvente.com/annonce-33354-compacteur.html","Compacteur","160.000  FCFA","Dakar","media/annonces/pics/80867e028740890f3f35d111b30ec9e3.jpeg"
"1716729263-117","https://dakarvente.com/index.php?page=annonces_categorie&id=8&sort=&nb=2","Pelle Poclain","https://www.dakarvente.com/annonce-33679-pelle-poclain.html","Pelle Poclain","275.000  FCFA","Diamniadio","media/annonces/pics/0b584d4a784a289b55166b544a443d04.jpeg"
"1716729289-118","https://dakarvente.com/index.php?page=annonces_categorie&id=8&sort=&nb=2","Salon 7 places","https://www.dakarvente.com/annonce-33735-salon-7-places.html","Salon 7 places","375.000  FCFA","Sicap liberté","media/annonces/pics/01ccc8c174ab690bdf3bc78ff172671f.jpg"
"1716729317-119","https://dakarvente.com/index.php?page=annonces_categorie&id=8&sort=&nb=2","Location de voiture","https://www.dakarvente.com/annonce-33917-location-de-voiture.html","Location de voiture","25.000  FCFA","Dieuppeul","media/annonces/pics/1a12867069dc001a39f7ebc91a6793f1.jpeg"
"1716729344-120","https://dakarvente.com/index.php?page=annonces_categorie&id=8&sort=&nb=2","Ford fusion titanuim","https://www.dakarvente.com/annonce-35652-ford-fusion-titanuim.html","Ford fusion titanuim","40.000  FCFA","Almadies","media/annonces/pics/0d52b4d8acefa6c5e0c62a7618361239.jpg"
"1716729371-121","https://dakarvente.com/index.php?page=annonces_categorie&id=8&sort=&nb=2","Ford fusion à louer","https://www.dakarvente.com/annonce-35680-ford-fusion-louer.html","Ford fusion à louer","40.000  FCFA","Almadies","media/annonces/pics/57d782733c6e0f7b1c2ffc12636f7ec3.jpg"
"1716729398-122","https://dakarvente.com/index.php?page=annonces_categorie&id=8&sort=&nb=2","Location de voiture Hyundai Full options","https://www.dakarvente.com/annonce-36141-location-de-voiture-hyundai-full-options.html","Location de voiture Hyundai Full options","40.000  FCFA","Parcelles assainies","media/annonces/pics/b234b345d8be7b237312f64db3007149.jpeg"
"1716729425-123","https://dakarvente.com/index.php?page=annonces_categorie&id=8&sort=&nb=2","Location de voiture full options","https://www.dakarvente.com/annonce-36142-location-de-voiture-full-options.html","Location de voiture full options","40.000  FCFA","Parcelles assainies","media/annonces/pics/651e514c44a5b4ded29f668ae913b562.jpeg"
"1716729478-124","https://dakarvente.com/index.php?page=annonces_categorie&id=8&sort=&nb=1","Location de voiture Hyundai Full options","https://www.dakarvente.com/annonce-36143-location-de-voiture-hyundai-full-options.html","Location de voiture Hyundai Full options","40.000  FCFA","Parcelles assainies",""
"1716729507-125","https://dakarvente.com/index.php?page=annonces_categorie&id=8&sort=&nb=1","LOCATION TOYOTA FORTUNER AVEC CHAUFFEUR A BON PRIX","https://www.dakarvente.com/annonce-36168-location-toyota-fortuner-avec-chauffeur-a-bon-prix.html","LOCATION TOYOTA FORTUNER AVEC CHAUFFEUR A BON PRIX","65.000  FCFA","Liberté 2","media/annonces/pics/a01062385e4c57ee5615314220ed0ed9.jpg"
"1716729534-126","https://dakarvente.com/index.php?page=annonces_categorie&id=8&sort=&nb=1","Location de véhicules","https://www.dakarvente.com/annonce-36433-location-de-vhicules.html","Location de véhicules","35.000  FCFA","Parcelles assainies","media/annonces/pics/a897075ec62c57f3fec51d975778f522.jpeg"
"1716729561-127","https://dakarvente.com/index.php?page=annonces_categorie&id=8&sort=&nb=1","Transfert aéroport  avec voiture climatisée. 30 000 Frs.","https://www.dakarvente.com/annonce-36650-transfert-aroport-avec-voiture-climatise-30-000-frs.html","Transfert aéroport  avec voiture climatisée. 30 000 Frs.","30.000  FCFA","Dakar","media/annonces/pics/ea4f090e4d47fa784a544f00961caedf.jpg"
"1716729588-128","https://dakarvente.com/index.php?page=annonces_categorie&id=8&sort=&nb=1","Vente et location de voitures","https://www.dakarvente.com/annonce-36889-vente-et-location-de-voitures.html","Vente et location de voitures","25.000  FCFA","Almadies","media/annonces/pics/2aa15c8aca3ad7ab5f19eccab743ee3d.jpg"
"1716729615-129","https://dakarvente.com/index.php?page=annonces_categorie&id=8&sort=&nb=1","LOCATION DE CAMION SONORISE","https://www.dakarvente.com/annonce-36898-location-de-camion-sonorise.html","LOCATION DE CAMION SONORISE","250.000  FCFA","Sacré Coeur","media/annonces/pics/43866b7401a970ccfbdb83dfff26585d.png"
"1716729642-130","https://dakarvente.com/index.php?page=annonces_categorie&id=8&sort=&nb=1","Location de voitures","https://www.dakarvente.com/annonce-37124-location-de-voitures.html","Location de voitures","","Yoff","media/annonces/pics/bd56a02fa09cbd96b60cb880807071c4.jpg"
"1716729669-131","https://dakarvente.com/index.php?page=annonces_categorie&id=8&sort=&nb=1","LOCATION DE VOITURE FULL OPTION","https://www.dakarvente.com/annonce-37199-location-de-voiture-full-option.html","LOCATION DE VOITURE FULL OPTION","35.000  FCFA","Parcelles assainies","media/annonces/pics/ac100af12025a2b1e1c5cc56310334ce.jpeg"
"1716729699-132","https://dakarvente.com/index.php?page=annonces_categorie&id=8&sort=&nb=1","Location de voiture Hyundai","https://www.dakarvente.com/annonce-37200-location-de-voiture-hyundai.html","Location de voiture Hyundai","35.000  FCFA","Parcelles assainies","media/annonces/pics/c7e12d0ba53af696cbe902ac03a52c2c.jpeg"
"1716729726-133","https://dakarvente.com/index.php?page=annonces_categorie&id=8&sort=&nb=1","Location auto full option","https://www.dakarvente.com/annonce-37290-location-auto-full-option.html","Location auto full option","35.000  FCFA","Parcelles assainies","media/annonces/pics/e244501ed8e0d4e2ce22fd59bc7b6cd8.jpeg"
"1716729753-134","https://dakarvente.com/index.php?page=annonces_categorie&id=8&sort=&nb=1","Location de camion","https://www.dakarvente.com/annonce-38410-location-de-camion.html","Location de camion","","Scat Urbam","media/annonces/pics/4b95044ebe9020679f60e582d7215cde.jpg"
"1716729786-135","https://dakarvente.com/index.php?page=annonces_categorie&id=8&sort=&nb=1","LOCATION VEHICULE","https://www.dakarvente.com/annonce-38819-location-vehicule.html","LOCATION VEHICULE","35.000  FCFA","Mermoz","media/annonces/pics/b3be8ecdc35663cf6593a0ced4f04ec2.jpg"
"1716729815-136","https://dakarvente.com/index.php?page=annonces_categorie&id=8&sort=&nb=1","Location de véhicules","https://www.dakarvente.com/annonce-38874-location-de-vhicules.html","Location de véhicules","30.000  FCFA","Cité Keur Gorgui","media/annonces/pics/3820ebf43beb09ff8c43f6a0b0f8c36b.jpg"
"1716729843-137","https://dakarvente.com/index.php?page=annonces_categorie&id=8&sort=&nb=1","Location de véhicules","https://www.dakarvente.com/annonce-38875-location-de-vhicules.html","Location de véhicules","30.000  FCFA","Cité Keur Gorgui","media/annonces/pics/f688869e58f691f270dd5668590f740c.jpg"
"1716729870-138","https://dakarvente.com/index.php?page=annonces_categorie&id=8&sort=&nb=1","Location de véhicules","https://www.dakarvente.com/annonce-38904-location-de-vhicules.html","Location de véhicules","30.000  FCFA","Cité Keur Gorgui",""
"1716730070-139","https://dakarvente.com/index.php?page=annonces_categorie&id=8&sort=&nb=1","Location voiture avec chauffeur","https://www.dakarvente.com/annonce-39141-location-voiture-avec-chauffeur.html","Location voiture avec chauffeur","50.000  FCFA","Sud Foire","media/annonces/pics/f3e797041650b9399e7bb3cef7aa7e9c.jpg"
"1716730101-140","https://dakarvente.com/index.php?page=annonces_categorie&id=8&sort=&nb=1","VOITURE A LOUER POUR LES PETITES COURSES À DAKAR","https://www.dakarvente.com/annonce-40485-voiture-a-louer-pour-les-petites-courses-dakar.html","VOITURE A LOUER POUR LES PETITES COURSES À DAKAR","","Dakar","media/annonces/pics/c83270edff336dcdcf40f3cf31f2d53d.jpg"
"1716730168-141","https://dakarvente.com/index.php?page=annonces_categorie&id=8&sort=&nb=1","Madza Cx5 très propres en location","https://www.dakarvente.com/annonce-40795-madza-cx5-trs-propres-en-location.html","Madza Cx5 très propres en location","45.000  FCFA","Dakar","media/annonces/pics/9a29b69b0fc679b3e7548a8f36ec80ed.jpeg"
"1716730240-142","https://dakarvente.com/index.php?page=annonces_categorie&id=8&sort=&nb=1","Hyundai Elantra en location","https://www.dakarvente.com/annonce-40797-hyundai-elantra-en-location.html","Hyundai Elantra en location","40.000  FCFA","Dakar","media/annonces/pics/2904d3415e9778f79b36354ca0f0b2b0.jpeg"
"1716730459-143","https://dakarvente.com/index.php?page=annonces_categorie&id=8&sort=&nb=1","Mercedes CIA Fully disponible en location","https://www.dakarvente.com/annonce-40798-mercedes-cia-fully-disponible-en-location.html","Mercedes CIA Fully disponible en location","80.000  FCFA","Dakar","media/annonces/pics/32a5af16077b49f50583b4069303af55.jpeg"
"1716730498-144","https://dakarvente.com/index.php?page=annonces_categorie&id=8&sort=&nb=1","Prado Land cruiser en location","https://www.dakarvente.com/annonce-40799-prado-land-cruiser-en-location.html","Prado Land cruiser en location","95.000  FCFA","Dakar","media/annonces/pics/c1a142986a13d296f0de844606d6084a.jpeg"
"1716730548-145","https://dakarvente.com/index.php?page=annonces_categorie&id=8&sort=&nb=1","Pick-up disponible en location","https://www.dakarvente.com/annonce-40822-pick-up-disponible-en-location.html","Pick-up disponible en location","50.000  FCFA","Dakar",""
"1716730704-146","https://dakarvente.com/index.php?page=annonces_categorie&id=8&sort=&nb=1","Mitsubishi à louer","https://www.dakarvente.com/annonce-40823-mitsubishi-louer.html","Mitsubishi à louer","60.000  FCFA","Dakar",""
"1716730732-147","https://dakarvente.com/index.php?page=annonces_categorie&id=8&sort=&nb=1","KIA Sportage à louer","https://www.dakarvente.com/annonce-40824-kia-sportage-louer.html","KIA Sportage à louer","45.000  FCFA","Dakar","media/annonces/pics/0065a07b242085246525e1bf75445c5e.jpeg"
"1716730764-148","https://dakarvente.com/index.php?page=annonces_categorie&id=8&sort=&nb=1","Jeep Cherokee à louer","https://www.dakarvente.com/annonce-40825-jeep-cherokee-louer.html","Jeep Cherokee à louer","35.000  FCFA","Dakar","media/annonces/pics/21cd82d61d6049359ee336f63d977456.jpeg"
"1716730790-149","https://dakarvente.com/index.php?page=annonces_categorie&id=8&sort=&nb=1","Ford fusion à louer","https://www.dakarvente.com/annonce-40826-ford-fusion-louer.html","Ford fusion à louer","30.000  FCFA","Dakar","media/annonces/pics/6d3560cd1470700297e67b9555a6a636.jpeg"
"1716730823-150","https://dakarvente.com/index.php?page=annonces_categorie&id=8&sort=&nb=1","Ford Escape en location","https://www.dakarvente.com/annonce-40827-ford-escape-en-location.html","Ford Escape en location","40.000  FCFA","Dakar","media/annonces/pics/f67fabff9461fe541501cb13a96a927c.jpeg"
"1716730851-151","https://dakarvente.com/index.php?page=annonces_categorie&id=8&sort=&nb=1","Ford fusion à louer","https://www.dakarvente.com/annonce-40828-ford-fusion-louer.html","Ford fusion à louer","35.000  FCFA","Dakar","media/annonces/pics/cb0aa542a7a5d5a5b7f5720fb1d66adf.jpeg"
"1716730894-152","https://dakarvente.com/index.php?page=annonces_categorie&id=8&sort=&nb=1","Location : Ford fusion titanium.                                   Prix :35000f","https://www.dakarvente.com/annonce-40935-location-ford-fusion-titanium-prix-35000f.html","Location : Ford fusion titanium.                                   Prix :35000f","35.000  FCFA","Dakar","media/annonces/pics/8aeae72c26bff204308ac49808170fbe.jpeg"
"1716730933-153","https://dakarvente.com/index.php?page=annonces_categorie&id=8&sort=&nb=1","Hyundai Elantra en location","https://www.dakarvente.com/annonce-40945-hyundai-elantra-en-location.html","Hyundai Elantra en location","35.000  FCFA","Dakar","media/annonces/pics/01837f06747de62adcfb22678a47f5b7.jpeg"
"1716730971-154","https://dakarvente.com/index.php?page=annonces_categorie&id=8&sort=&nb=1","HYundaï grandeur,","https://www.dakarvente.com/annonce-40946-hyunda-grandeur.html","HYundaï grandeur,","45.000  FCFA","Dakar","media/annonces/pics/47e6b83a34afc113ba81bae4f467504e.jpeg"
"1716731017-155","https://dakarvente.com/index.php?page=annonces_categorie&id=8&sort=&nb=1","Ford fusion","https://www.dakarvente.com/annonce-40947-ford-fusion.html","Ford fusion","40.000  FCFA","Dakar","media/annonces/pics/32b8d0737588632b57a09c7966bbd590.jpeg"
"1716731057-156","https://dakarvente.com/index.php?page=annonces_categorie&id=8&sort=&nb=1","BMW en location","https://www.dakarvente.com/annonce-40948-bmw-en-location.html","BMW en location","50.000  FCFA","Dakar","media/annonces/pics/7dbece353efeea9845118063702f5fdd.jpeg"
"1716731104-157","https://dakarvente.com/index.php?page=annonces_categorie&id=8&sort=&nb=1","Madza en location","https://www.dakarvente.com/annonce-40949-madza-en-location.html","Madza en location","50.000  FCFA","Dakar","media/annonces/pics/7459f4aa4b978c4ce9bd5984e82cb739.jpeg"
"1716731151-158","https://dakarvente.com/index.php?page=annonces_categorie&id=8&sort=&nb=1","Ford Fusion titanium","https://www.dakarvente.com/annonce-41289-ford-fusion-titanium.html","Ford Fusion titanium","35.000  FCFA","Dakar","media/annonces/pics/fa46aa05d5236228467be1ba5b7f72eb.jpeg"
"1716731197-159","https://dakarvente.com/index.php?page=annonces_categorie&id=8&sort=&nb=1","LOCATION VÉHICULES FORD","https://www.dakarvente.com/annonce-41910-location-vhicules-ford.html","LOCATION VÉHICULES FORD","30.000  FCFA","Thiaroye","media/annonces/pics/bbcc0f734406ce1f0dac79f9e7dea7a6.jpg"
"1716731254-160","https://dakarvente.com/index.php?page=annonces_categorie&id=8&sort=&nb=1","Location Kia K7","https://www.dakarvente.com/annonce-42658-location-kia-k7.html","Location Kia K7","35.000  FCFA","Ngor",""
"1716731319-161","https://dakarvente.com/index.php?page=annonces_categorie&id=8&sort=&nb=1","LOCATION DE VOITURE/ TRANSPORT AIBD","https://www.dakarvente.com/annonce-42798-location-de-voiture-transport-aibd.html","LOCATION DE VOITURE/ TRANSPORT AIBD","","Dakar","media/annonces/pics/77908de788c792bdb8f54dc26d794f5e.jpg"
"1716731347-162","https://dakarvente.com/index.php?page=annonces_categorie&id=8&sort=&nb=1","FORD EXPLORER DISPONIBLE POUR LOCATION","https://www.dakarvente.com/annonce-43661-ford-explorer-disponible-pour-location.html","FORD EXPLORER DISPONIBLE POUR LOCATION","60.000  FCFA","Dakar","media/annonces/pics/ab20f48f820666d51b05a1adf7e8a3eb.jpeg"
"1716731474-163","https://dakarvente.com/index.php?page=annonces_categorie&id=8&sort=&nb=1","Hyundai Elantra à louer","https://www.dakarvente.com/annonce-45179-hyundai-elantra-louer.html","Hyundai Elantra à louer","30.000  FCFA","VDN","media/annonces/pics/d933d74bd6153e71e9939bb8e2f97ca0.jpeg"
"1716731547-164","https://dakarvente.com/index.php?page=annonces_categorie&id=8&sort=&nb=1","Hyundai Elantra à louer","https://www.dakarvente.com/annonce-45180-hyundai-elantra-louer.html","Hyundai Elantra à louer","30.000  FCFA","Sipres","media/annonces/pics/d943609d152b30de8a4d46786e52e818.jpeg"
"1716731833-165","https://dakarvente.com/index.php?page=annonces_categorie&id=8&sort=&nb=1","LOCATION VOITURE AVEC CHAUFFEUR","https://www.dakarvente.com/annonce-45181-location-voiture-avec-chauffeur.html","LOCATION VOITURE AVEC CHAUFFEUR","30.000  FCFA","Dakar","media/annonces/pics/7106446af4c0580e63ea573b1e5abc47.jpeg"
